Glottocode,Name,Macroarea,Latitude,Longitude,ISO639P3code,Family,sufficient_data_flagging,sufficient_data_indexing,Comment
fuln1247,Fulniô,South America,-9.02591,-37.1402,fun,,True,True,
tonk1249,Tonkawa,North America,30.25,-96.75,tqw,,True,True,
klam1254,Klamath-Modoc,North America,42.5861,-121.704,kla,,True,True,
natc1249,Natchez,North America,31.75,-91.33,ncz,,True,True,no pronouns are used for S/A/P
cams1241,Camsá,South America,1.14537,-76.8931,kbh,,True,True,
muni1258,Muniche,South America,-5.7441796,-76.426712,myr,,True,True,
trum1247,Trumai,South America,-11.8119,-53.5717,tpy,,True,True,
niha1238,Nihali,Eurasia,21.1886,76.3318,nll,,True,True,
cofa1242,Cofán,South America,0.276675,-77.0643,con,,True,True,
shab1252,Shabo,Africa,7.64407,35.223,sbf,,True,True,
cuit1236,Cuitlatec,North America,18.1,-100.5,cuy,,True,True,
sand1273,Sandawe,Africa,-5.26918,35.4808,sad,,True,True,
kusu1250,Kusunda,Eurasia,28.33,82.6,kgg,,True,True,
tabo1241,Tabo,Papunesia,-8.09387,143.305,knv,,True,True,
duna1248,Duna,Papunesia,-5.41439,142.475,duc,,True,True,
zuni1245,Zuni,North America,35.0056,-108.782,zun,,True,True,
puin1248,Puinave,South America,3.92974,-67.6886,pui,,True,True,
chim1301,Chimariko,North America,41.0,-123.0,cid,,True,True,
kuot1243,Kuot,Papunesia,-3.06952,151.537,kto,,True,True,
yuch1247,Yuchi,North America,35.75,-86.75,yuc,,True,True,
paez1247,Páez,South America,2.61516,-76.31254,pbb,,True,True,
tiwi1244,Tiwi,Australia,-11.6308,130.949,tiw,,True,True,
leco1242,Leco,South America,-15.0092,-67.8818,lec,,True,True,
guat1253,Guató,South America,-17.8696,-57.2897,gta,,True,True,
buru1296,Burushaski,Eurasia,36.2161,74.8236,bsk,,True,True,
nara1262,Nara,Africa,15.3251,37.499,nrb,,True,True,
sume1241,Sumerian,Eurasia,31.3,45.6667,sux,,True,True,
esse1238,Esselen,North America,36.5473,-121.867,esq,,True,True,
iton1250,Itonama,South America,-12.80431,-64.35748,ito,,True,True,
hadz1240,Hadza,Africa,-3.83115,35.0458,hts,,True,True,
moch1259,Mochica,South America,-8.01667,-79.0,omc,,True,True,
sius1254,Siuslaw,North America,42.5111,-124.379,sis,,True,True,
tuni1252,Tunica,North America,30.9888,-92.5403,tun,,True,True,
lavu1241,Lavukaleve,Papunesia,-9.05569,159.119,lvk,,True,True,
timu1245,Timucua,North America,30.3027,-82.3132,tjm,,True,True,
sulk1246,Sulka,Papunesia,-5.03471,151.891,sua,,True,True,
maib1239,Maybrat-Karon,Papunesia,-1.3679,132.591,ayz,,True,True,
bert1248,Berta,Africa,10.6474,34.7042,wti,,True,True,
yura1255,Yuracaré,South America,-16.7479,-65.1224,yuz,,True,True,
basq1248,Basque,Eurasia,43.2787,-1.31622,eus,,True,True,
wage1238,Wageman,Australia,-13.8627,131.893,waq,,True,True,
cayu1262,Cayubaba,South America,-13.2482,-65.4822,cyb,,True,True,
iran1263,Irántxe-Münkü,South America,-12.7178,-57.9806,irn,,True,True,
taia1239,Taiap,Papunesia,-4.05047,144.506,gpn,,True,True,
kari1254,Kariri,South America,-7.434628,-40.487275,,,True,False,"Information in the grammar does not allow to understand the indexation. Although the absolutive argument seems to be indexed, the conditions under which this indexation occurs is unclear. It seems that 1st & 2nd person are more regularly indexed than 3rd person, and it seems that indexation mostly occurs in non-past (i.e. non exemplar) events."
pira1253,Pirahã,South America,-6.77713,-61.8167,myp,,True,True,
bang1363,Bangime,Africa,14.8116,-3.77092,dba,,True,True,
coah1252,Coahuilteco,North America,28.2589,-97.89,xcw,,True,False,description insufficient to produce a report for indexing. 
hatt1246,Hattic,Eurasia,40.4,34.6,xht,,True,True,The language lacks free pronouns
mose1249,Mosetén-Chimané,South America,-14.64448,-67.83756,cas,,True,True,
take1257,Takelma,North America,42.423,-123.452,tkm,,True,True,
sali1253,Salinan,North America,37.6646,-121.718,sln,,True,True,
seri1257,Seri,North America,28.9877,-112.384,sei,,True,True,
movi1243,Movima,South America,-13.8115,-65.6348,mzp,,True,True,
mola1238,Molale,North America,44.556,-122.857,mbe,,True,True,
siam1242,Siamou,Africa,10.998,-4.92143,sif,,True,True,
ando1256,Andoque,South America,-0.53751,-72.0869,ano,,True,True,Andoque has a very small group of attributive verbs that behave differently than all other verbs. However most attributive verbs behave normally and the divide is not semantically motivated. We have not considered this a case of split alignment along a stative/active divide.
urar1246,Urarina,South America,-4.44006,-75.4211,ura,,True,True,
karo1304,Karuk,North America,41.8228,-123.315,kyh,,True,True,
wara1303,Warao,South America,7.50851,-59.3528,wba,,True,True,
savo1255,Savosavo,Papunesia,-9.12853,159.814,svs,,True,True,
kwaz1243,Kwaza,South America,-11.6667,-61.1833,xwa,,True,True,
kute1249,Kutenai,North America,48.7892,-115.065,kut,,True,True,
kuna1268,Kunama,Africa,14.5879,37.5292,kun,,True,True,
abun1252,Abun,Papunesia,-0.57073,132.416,kgr,,True,True,
wash1253,Washo,North America,38.8184,-119.64,was,,True,True,
kano1245,Kanoê,South America,-12.1789,-64.5812,kxo,,True,False,"the two grammars (bacelar2004kanoe:220; bacelar2023kanoe:667-668) have slightly different accounts, but the main issue is that some examples contradict the prose. Alignment SEEMS (1) neutral for the exemplar, more specifically unmarked alignment for past perfective events; (2) accusative (S and A indexation), and, (3) for a subcategory of verb, namely the mental process verbs like 'like', 'think', etc) it seems to be accusative with object indexation too."
bilu1245,Bilua,Papunesia,-7.92388,156.663,blb,,True,True,
laal1242,Laal,Africa,10.0063,17.6143,gdm,,True,True,
alse1251,Alsea-Yaquina,North America,44.408,-123.94,aes,,True,True,
yana1271,Yana,North America,39.2769,-121.608,ynn,,True,True,
gaga1251,Gaagudju,Australia,-12.5176,132.643,gbu,,True,True,
pech1241,Pech,North America,15.8033,-85.558,pay,Chibchan,True,True,
nucl1633,Nimboran,Papunesia,-2.5803,140.179,nir,Nimboranic,True,True,
goon1238,Gooniyandi,Australia,-18.4073,126.351,gni,Bunaban,True,True,
agua1253,Aguaruna,South America,-5.30044,-77.9218,agr,Chicham,True,True,
ward1246,Wardaman,Australia,-15.4155,132.604,wrr,Yangmanic,True,True,
nucl1327,Limilngan,Australia,-12.4294,131.845,lmc,Limilngan-Wulna,True,False,"no coding possible for indexing, gaps in the local scenarios of the co-argument sensitive paradigm"
yagu1244,Yagua,South America,-3.42913,-72.2186,yad,Peba-Yagua,True,True,
chip1262,Chipaya,South America,-18.73951,-67.89633,cap,Uru-Chipaya,True,True,
kitj1240,Kitja,Australia,-17.5758,127.392,gia,Jarrakan,True,True,
chiq1248,Lomeriano-Ignaciano Chiquitano,South America,-16.769554,-61.817795,cax,Chiquitano,True,True,
kala1400,Central Kalapuya,North America,44.9861,-123.925,kyl,Kalapuyan,True,True,
wint1259,Wintu,North America,39.7176,-122.445,wit,Wintuan,True,True,
ngar1284,Ngarinyin,Australia,-16.4006,126.433,ung,Worrorran,True,True,
gara1269,Garrwa,Australia,-17.4504,137.72014,wrk,Garrwan,True,True,
bell1243,Bella Coola,North America,52.3448,-126.689,blc,Salishan,True,True,
wiyo1248,Wiyot,North America,39.2492,-122.952,wiy,Algic,True,True,
yuro1248,Yurok,North America,41.3262,-123.824,yur,Algic,True,True,
cadd1256,Caddo,North America,33.33,-93.5,cad,Caddoan,True,True,no pronouns are used fo S/A/P
nort2951,Northwest Maidu,North America,39.6721,-121.368,mjd,Maiduan,True,True,
maun1240,Mawng,Australia,-11.66,133.376,mph,Iwaidjan Proper,True,True,
sout2982,Southeastern Pomo,North America,38.9354,-122.599,pom,Pomoan,True,True,
tlin1245,Tlingit,North America,59.4447,-135.29,tli,Athabaskan-Eyak-Tlingit,True,True,
cacu1241,Kakua,South America,0.88778,-69.5659,cbv,Kakua-Nukak,True,True,
chay1248,Shawi,South America,-5.63764,-76.8252,cbt,Cahuapanan,True,True,
nort2745,Northern Yukaghir,Eurasia,70.498,157.853,ykg,Yukaghir,True,True,
kana1291,Katukína-Kanamarí,South America,-6.45399,-68.7678,knm,Katukinan,True,True,
murr1258,Murriny Patha,Australia,-14.74852,129.70152,mwf,Southern Daly,True,True,
gily1242,Amur Nivkh,Eurasia,52.59,140.681,niv,Nivkh,True,True,
amar1274,Amarakaeri,South America,-12.4931,-70.5533,amr,Harakmbut,True,True,
kamu1258,Kamu,Australia,-13.5393,131.098,xmu,Eastern Daly,True,True,
pure1242,Purepecha,North America,19.2467,-101.631,tsz,Tarascan,True,True,
sout2956,Southern Haida,North America,53.2616,-132.008,hax,Haida,True,True,no pronouns used for 3sgPro-low S/A
wapp1239,Wappo,North America,38.25,-122.5,wao,Yuki-Wappo,True,True,
yuki1243,Northern Yukian,North America,39.8389,-123.296,yuk,Yuki-Wappo,True,True,
shek1245,Sheko,Africa,7.05022,35.2826,she,Dizoid,True,True,
misk1235,Mískito,North America,15.1576,-84.2942,miq,Misumalpan,True,True,
achu1247,Achumawi,North America,41.0979,-121.191,acv,Palaihnihan,True,True,
chol1284,Cholón,South America,-9.23129,-75.9621,cht,Hibito-Cholon,True,True,
benc1235,Bench,Africa,7.04682,35.7673,bcq,Ta-Ne-Omotic,True,True,
coos1249,Hanis,North America,43.4413,-124.16,csz,Coosan,True,True,
mull1237,Mullukmulluk,Australia,-13.427,130.664,mpb,Northern Daly,True,True,
cher1273,Cherokee,North America,35.4664,-83.163,chr,Iroquoian,True,True,no pronouns are used for 3rd person S/A/P
kiow1266,Kiowa,North America,34.9403,-98.9042,kio,Kiowa-Tanoan,True,True,
toll1241,Tol,North America,14.6686,-87.0372,jic,Jicaquean,True,True,
quil1240,Quileute,North America,47.9106,-124.603,qui,Chimakuan,True,True,
ticu1245,Ticuna,South America,-3.66289,-69.8723,tca,Ticuna-Yuri,True,True,
nucl1649,Southern-Coastal Tsimshian,North America,52.59103,-128.544545,tsi,Tsimshian,True,True,"No pronouns in A role can be realized; in dependent clauses, Series I (rather than Series III) is used for indexing A."
ofay1240,Ofayé,South America,-22.278,-53.7227,opy,Nuclear-Macro-Je,True,True,
rikb1245,Rikbaktsa,South America,-11.1887,-58.1942,rkb,Nuclear-Macro-Je,True,True,
kara1500,Karajá,South America,-11.1881,-50.3492,kpj,Nuclear-Macro-Je,True,True,
mapu1245,Mapudungun,South America,-38.7392,-71.277,arn,Araucanian,True,True,
cree1270,Creek,North America,31.0,-87.5,mus,Muskogean,True,True,
bora1263,Bora,South America,-2.000259,-72.257066,boa,Boran,True,True,
high1242,Highland Oaxaca Chontal,North America,16.1849,-95.7301,chd,Tequistlatecan,True,True,
mang1381,Mangarrayi,Australia,-14.8,133.5,mpc,Mangarrayi-Maran,True,True,
west2632,Western Keres,North America,34.9733,-107.517,kjq,Keresan,True,True,no pronouns for S/A/P roles
sali1298,Sáliba,South America,5.30115,-69.3843,slc,Saliban,True,True,
olut1240,Oluta Popoluca,North America,17.8937,-94.8863,plo,Mixe-Zoque,True,True,
nuuc1236,Nuu-chah-nulth,North America,49.67,-126.67,nuk,Wakashan,True,True,
zapa1253,Záparo,South America,-1.99871,-76.364,zro,Zaparoan,True,True,
ainu1240,Hokkaido Ainu,Eurasia,43.633654,142.46167,ain,Ainu,True,True,
sand1278,San Dionisio del Mar Huave,North America,16.3514,-94.7001,hve,Huavean,True,True,
boro1282,Bororo,South America,-16.6029,-55.2004,bor,Bororoan,True,True,
koyr1242,Koyraboro Senni Songhai,Africa,16.9634,-0.55187,ses,Songhay,True,True,
waim1253,Waimiri-Atroari,South America,-0.61832,-60.4259,atr,Cariban,True,True,
shas1239,Shasta,North America,41.7587,-122.738,sht,Shastan,True,True,
xinc1242,Xinca-Chiquimulilla,North America,14.083301,-90.380259,,Xincan,True,True,
huas1242,Huastec,North America,21.6153,-98.5028,hus,Mayan,True,True,
miri1266,Miriwung,Australia,-16.3596,128.889,mep,Jarrakan,True,True,
qawa1238,Qawasqar,South America,-49.303195,-74.707536,alc,Kawesqar,True,True,
jaqa1244,Jaqaru,South America,-12.741939,-75.809231,jqr,Aymaran,True,True,
sout2996,Southern Aymara,South America,-17.1417,-70.3442,ayc,Aymaran,True,True,
tomm1242,Tommo So Dogon,Africa,14.756,-3.28,dto,Dogon,True,True,
akab1249,Akabea,Eurasia,12.3782,92.7818,abj,Great Andamanese,True,True,
hopi1249,Hopi,North America,35.7653,-110.535,hop,Uto-Aztecan,True,True,
chin1286,Clatsop-Shoalwater Chinook,North America,45.1729,-119.166,chh,Chinookan,True,True,
urni1239,Urningangg,Australia,-13.4766,133.023,urc,Giimbiyu,True,False,description insufficient to produce a report for indexing. 
aleu1260,Aleut,North America,52.1228,-174.29,ale,Eskimo-Aleut,True,True,
pali1279,Palikúr,South America,3.63993,-51.6246,plu,Arawakan,True,True,
siks1238,Siksika,North America,49.0669,-113.109,bla,Algic,True,True,
djam1255,Jaminjung-Ngaliwurru,Australia,-15.0558,130.06,djd,Mirndi,True,True,
wich1260,Wichita,North America,35.0665,-98.1831,wic,Caddoan,True,True,Wichita has no free pronouns (rood1976wichita: 10)
roto1249,Rotokas,Papunesia,-5.94339,155.154,roo,North Bougainville,True,True,
niva1238,Nivaclé,South America,-22.8557,-61.7606,cag,Matacoan,True,True,
cata1286,Catawba,North America,34.9685,-80.8857,chc,Siouan,True,False,"Report completed, but not sufficient to code for indexing. There are gaps in the paradigm and there is no way to fill them. Also, there is no certainty as to the distribution of zeros."
juho1239,South-Eastern Ju,Africa,-19.688,20.7673,ktz,Kxa,True,True,
kett1243,Ket,Eurasia,63.7551,87.5466,ket,Yeniseian,True,True,
awac1239,Awa-Cuaiquer,South America,1.21652,-78.3401,kwi,Barbacoan,True,True,
eyak1241,Eyak,North America,60.4232,-144.762,eya,Athabaskan-Eyak-Tlingit,True,True,
sout2750,Southern Yukaghir,Eurasia,64.218,154.375,yux,Yukaghir,True,True,
tehu1242,Tehuelche,South America,-47.5796,-68.3235,teh,Chonan,True,True,
cavi1250,Cavineña,South America,-13.3544,-66.6277,cav,Pano-Tacanan,True,True,
naka1260,Nakara,Australia,-12.07653,134.32729,nck,Maningrida,True,True,
yecu1235,Yecuatla Totonac,North America,20.1765,-96.8741,tlc,Totonacan,True,True,
hueh1236,Huehuetla Tepehua,North America,20.6189,-97.9347,tee,Totonacan,True,True,
yima1243,Yimas,Papunesia,-4.71731,143.572,yee,Lower Sepik,True,True,
sana1298,Sanapaná,South America,-22.49,-58.38,spn,Lengua-Mascoy,True,True,
itel1242,West Itelmen,Eurasia,56.046173,156.30704,itl,Chukotko-Kamchatkan,True,True,
chuk1273,Chukchi,Eurasia,68.6436,170.045,ckt,Chukotko-Kamchatkan,True,True,"Chukchi has many paradigms which vary a little bit one to the other, and may affect alignment slightly. Rather than coding all of the complex paradigms, we picked a representative one based on the exemplar case and coded for it (NFUT/NEU)."
jama1261,Madi,South America,-7.62223,-66.5662,jaa,Arawan,True,True,no pronoun is used for 3sg S/A/P
ayor1240,Ayoreo,South America,-19.220055,-60.217495,ayo,Zamucoan,True,True,
wyan1247,Huron-Wyandot,North America,44.33,-77.5,wya,Iroquoian,True,False,no pronouns are used for S/A/P; for indexing Onondaga is coded instead
abkh1244,Abkhaz,Eurasia,43.056218,41.159115,abk,Abkhaz-Adyge,True,True,
ariz1237,Arizona Tewa,North America,35.836667,-110.381389,,Kiowa-Tanoan,True,True,
nisg1240,Nisga'a,North America,55.199,-129.192,ncg,Tsimshian,True,True,
djeo1235,Djeoromitxí,South America,-12.038,-64.6694,jbt,Nuclear-Macro-Je,True,True,
kren1239,Borum,South America,-18.9988,-41.2299,kqq,Nuclear-Macro-Je,True,True,
koas1236,Koasati,North America,30.4096,-92.709,cku,Muskogean,True,True,
choc1276,Choctaw,North America,32.25,-88.5,cho,Muskogean,True,True,
brah1256,Brahui,Eurasia,29.04,66.56,brh,Dravidian,True,True,
high1276,Highland Popoluca,North America,18.198,-94.9109,poi,Mixe-Zoque,True,True,
toto1305,Totontepec Mixe,North America,17.2157,-96.0179,mto,Mixe-Zoque,True,True,
tido1248,Tidore,Papunesia,0.02461,127.746,tvo,North Halmahera,True,True,
rama1270,Rama,North America,11.5007,-83.8571,rma,Chibchan,True,True,
nucl1622,Marind,Papunesia,-8.15651,140.009,mrz,Anim,True,True,
kwak1269,Kwak'wala,North America,50.9269,-127.308,kwk,Wakashan,True,True,
kaya1319,Kayardild,Australia,-17.0695,139.489,gyd,Tangkic,True,True,
kron1241,Krongo,Africa,10.514,30.003,kgo,Kadugli-Krongo,True,True,No pronouns are used for the 3rd person S/A
karo1305,Karo (Brazil),South America,-10.3342,-61.5691,arr,Tupian,True,True,
kari1311,Karitiâna,South America,-9.37937,-64.1522,ktn,Tupian,True,True,
mund1330,Mundurukú,South America,-8.41095,-57.691,myu,Tupian,True,True,pronouns are not used in the P role
juru1256,Jurúna,South America,-10.9354,-53.3472,jur,Tupian,True,True,
ikpe1245,Ikpeng,South America,-11.37822,-53.49553,txi,Cariban,True,True,
kuik1246,Kuikúro-Kalapálo,South America,-12.3035,-53.2261,kui,Cariban,True,True,
enap1235,Panare,South America,6.95035,-65.8483,pbh,Cariban,True,True,
yukp1241,Yukpa,South America,9.67534,-73.0557,yup,Cariban,True,True,
hixk1239,Hixkaryána,South America,-0.16265,-58.80153,hix,Cariban,True,True,
yoku1256,Northern Yokuts,North America,36.3167,-119.721,yok,Yokutsan,True,True,
muts1243,Mutsun,North America,36.84721,-121.44911,css,Miwok-Costanoan,True,True,
lake1258,Lake Miwok,North America,39.0021,-122.621,lmw,Miwok-Costanoan,True,True,
yaki1237,Northwest Sahaptin,North America,46.2655,-120.756,yak,Sahaptian,True,True,
madi1260,Ma'di,Africa,3.62499,31.8471,mhi,Central Sudanic,True,True,
wang1291,Ngiyambaa,Australia,-30.6481,146.18,wyb,Pama-Nyungan,True,True,
iumi1238,Iu Mien,Eurasia,20.83,101.17,ium,Hmong-Mien,True,True,
yaqu1251,Yaqui,North America,29.9446,-110.681,yaq,Uto-Aztecan,True,True,
ines1240,Ineseño,North America,34.6169,-120.08,inz,Chumashan,True,True,
manc1252,Manchu,Eurasia,47.31225,126.55713,mnc,Tungusic,True,True,
lill1248,Lillooet,North America,50.7272,-122.04,lil,Salishan,True,True,
cent2127,Central Alaskan Yupik,North America,60.3062,-161.486,esu,Eskimo-Aleut,True,True,
wayu1243,Wayuu,South America,11.395566,-72.199791,guc,Arawakan,True,True,
yane1238,Yanesha',South America,-10.5454,-75.315,ame,Arawakan,True,True,
wich1262,Wichí Lhamtés Nocten,South America,-21.988,-63.5971,mtp,Matacoan,True,True,
muru1274,Murui Huitoto,South America,-1.13669,-73.8331,huu,Huitotoan,True,True,
wara1302,Bauni,Papunesia,-3.07263,142.012,bpe,Sko,True,True,
hida1246,Hidatsa,North America,47.33,-102.0,hid,Siouan,True,True,
tute1247,Tutelo,North America,37.67,-78.75,tta,Siouan,True,True,
kyon1247,Kyongsangdo,Eurasia,35.3,128.3,,Koreanic,True,True,
imon1245,Imonda,Papunesia,-3.31228,141.171,imn,Border,True,True,
nung1290,Wubuy,Australia,-14.2623,135.753,nuy,Gunwinyguan,True,True,
esee1248,Ese Ejja,South America,-11.7268,-67.515,ese,Pano-Tacanan,True,True,
kenu1243,Kenuzi,Africa,24.09,32.9,xnz,Nubian,True,True,
gras1249,Grass Koiari,Papunesia,-9.51218,147.437,kbk,Koiarian,True,True,
alam1246,Alamblak,Papunesia,-4.66307,143.316,amp,Sepik,True,True,
mari1424,Marithiel,Australia,-13.8818,130.237,mfr,Western Daly,True,True,
hupd1244,Hup,South America,0.58622,-69.8359,jup,Naduhup,True,True,
yauy1235,Yauyos Quechua,South America,-12.62,-75.7,qux,Quechuan,True,True,
maya1285,Mayangna,North America,14.1259,-84.3439,yan,Misumalpan,True,True,
bard1255,Bardi,Australia,-16.6274,122.906,bcj,Nyulnyulan,True,True,
tusc1257,Tuscarora,North America,43.1303,-79.4214,tus,Iroquoian,True,True,no pronouns for S/A/P roles
moha1258,Mohawk,North America,43.72,-74.66836,moh,Iroquoian,True,True,
nucl1632,Sentani,Papunesia,-2.6013,140.512,set,Sentanic,True,True,
xava1240,Xavánte,South America,-14.3017,-52.4367,xav,Nuclear-Macro-Je,True,True,
nucl1302,Georgian,Eurasia,41.850397,43.78613,kat,Kartvelian,True,True,
daga1275,Daga,Papunesia,-9.9747,149.263,dgz,Dagan,True,True,
meny1245,Menya,Papunesia,-7.17425,146.071,mcr,Angan,True,True,
embe1260,Emberá-Catío,South America,7.52721,-76.7476,cto,Chocoan,True,True,
ingu1240,Ingush,Eurasia,43.11,45.03,inh,Nakh-Daghestanian,True,True,
chim1309,Chimila,South America,10.1902,-74.2559,cbg,Chibchan,True,True,"The indexation was a mess -- appears to be a Tupi-style inverse system with one slot, but the language is underdescribed and the grammar was not clear. The chart was put together without any examples of 1>2 or 2>1 scenarios, drawing inferences that they index subject."
teri1250,Teribe,North America,9.067,-82.9631,tfr,Chibchan,True,True,
cent2050,Central Kanuri,Africa,11.8,13.13,knc,Saharan,True,True,
murl1244,Murle,Africa,6.69756,33.988,mur,Surmic,True,True,
guah1255,Sikuani,South America,5.81736,-68.9839,guh,Guahiboan,True,True,
gavi1246,Gavião Do Jiparaná,South America,-10.7235,-61.6752,gvo,Tupian,True,True,
awet1244,Awetí,South America,-12.381944,-53.391944,awe,Tupian,True,True,
trio1238,Trió,South America,2.53616,-55.7599,tri,Cariban,True,True,
yuca1254,Yucatec Maya,North America,18.7757,-88.9567,yua,Mayan,True,True,
pila1245,Pilagá,South America,-25.0058,-60.1537,plg,Guaicuruan,True,True,
sout2985,Southern Sierra Miwok,North America,38.2363,-120.507,skd,Miwok-Costanoan,True,True,
thay1249,Thayore,Australia,-14.8159,142.034,thd,Pama-Nyungan,True,True,
toho1245,Tohono O'odham,North America,31.7973,-111.995,ood,Uto-Aztecan,True,True,
coma1245,Comanche,North America,34.0,-101.0,com,Uto-Aztecan,True,True,
nort2954,Northern Paiute,North America,40.0799,-119.536,pao,Uto-Aztecan,True,True,
negi1245,Negidal,Eurasia,52.96584,139.20575,neg,Tungusic,True,True,
halk1245,Halkomelem,North America,49.250402,-122.443668,hur,Salishan,True,True,
uppe1439,Upper Chehalis,North America,46.7981,-123.169,cjh,Salishan,True,True,
nama1264,Nama (Namibia),Africa,-25.0747,17.9767,naq,Khoe-Kwadi,True,True,
kala1399,Kalaallisut,North America,69.3761,-52.864,kal,Eskimo-Aleut,True,True,
apur1254,Apurinã,South America,-8.21692,-66.7714,apu,Arawakan,True,True,
miam1252,Miami,North America,40.0,-90.0,mia,Algic,True,False,description insufficient to produce a report for indexing
kash1280,Kashaya,North America,38.5424,-123.08,kju,Pomoan,True,True,
cube1242,Cubeo,South America,1.32382,-70.1939,cub,Tucanoan,True,True,
yano1262,Yanomám,South America,2.48999,-62.8522,wca,Yanomamic,True,True,
yaum1237,Yau-Nungon,Papunesia,-6.08274,146.841,yuw,Nuclear Trans New Guinea,True,True,
nene1249,Tundra Nenets,Eurasia,66.1775,71.0234,yrk,Uralic,True,True,
maba1277,Maba (Chad),Africa,12.89147,20.8889,mde,Maban,True,True,
imba1240,Imbabura Highland Quichua,South America,0.31776,-78.3729,qvi,Quechuan,True,True,
sant1432,Santiago del Estero Quichua,South America,-27.821,-63.2466,qus,Quechuan,True,True,
nort2980,North Junín Quechua,South America,-11.2132,-75.8128,qvn,Quechuan,True,True,
hual1241,Huallaga Huánuco Quechua,South America,-9.57135,-75.594,qub,Quechuan,True,True,
lako1248,Lakondê,South America,-13.2,-60.5,lkd,Nambiquaran,True,True,
nort1550,Taos Northern Tiwa,North America,36.4277,-105.604,twf,Kiowa-Tanoan,True,True,
maxa1247,Maxakalí,South America,-16.9402,-40.7891,mbl,Nuclear-Macro-Je,True,True,
mari1440,Maricopa,North America,33.5123,-111.749,mrc,Cochimi-Yuman,True,True,
saki1248,Mekens,South America,-13.054,-62.0927,skf,Tupian,True,True,
buki1249,Bukiyip,Papunesia,-3.47169,143.111,ape,Nuclear Torricelli,True,True,
wari1268,Wari',South America,-10.69948,-64.56152,pav,Chapacuran,True,True,
mart1255,Martuthunira,Australia,-20.9294,116.607,vma,Pama-Nyungan,True,True,
cahu1264,Cahuilla,North America,33.5324,-116.691,chl,Uto-Aztecan,True,True,
miya1260,Miyako-Jima,Eurasia,24.7564,125.363,,Japonic,True,True,
gari1256,Garifuna,North America,15.3529,-86.9091,cab,Arawakan,True,True,
tari1256,Tariana,South America,0.440205,-68.9042,tae,Arawakan,True,True,
wapi1253,Wapishana,South America,2.58744,-59.8021,wap,Arawakan,True,True,
trin1274,Trinitario-Javeriano-Loretano,South America,-15.3331,-65.4096,trn,Arawakan,True,True,
pare1272,Parecís,South America,-14.5929,-57.4059,pab,Arawakan,True,True,
swam1239,Swampy Cree,North America,56.0,-95.0,csw,Algic,True,True,
lako1247,Lakota,North America,46.3699,-103.95,lkt,Siouan,True,True,
hupa1239,Hupa-Chilula,North America,41.0982,-123.68,hup,Athabaskan-Eyak-Tlingit,True,True,
sion1247,Siona-Tetete,South America,0.31733,-76.0237,snn,Tucanoan,True,True,
guan1269,Kotiria,South America,1.07554,-69.5705,gvc,Tucanoan,True,True,
mats1244,Matsés,South America,-5.73914,-72.6281,mcf,Pano-Tacanan,True,True,no pronouns are used for 3rd person in any of the S/A/P roles
lang1324,Lango (Uganda),Africa,2.13867,33.0553,laj,Nilotic,True,True,
kain1272,Kaingang,South America,-27.7671,-52.5394,kgp,Nuclear-Macro-Je,True,True,
halh1238,Halh Mongolian,Eurasia,48.32397,106.28874,khk,Mongolic-Khitan,True,True,
dukh1234,Dukha,Eurasia,51.9307,98.9318,,Turkic,True,True,
kich1262,K'iche',North America,14.5278,-91.1696,quc,Mayan,True,True,
chol1282,Chol,North America,17.4897,-92.4698,ctu,Mayan,True,True,
popt1235,Popti',North America,15.6609,-91.6633,jac,Mayan,True,True,
tete1251,Tetelcingo Nahuatl,North America,18.8854,-98.893,nhg,Uto-Aztecan,True,True,
pipi1250,Pipil,North America,13.8931,-89.443,ppl,Uto-Aztecan,True,True,
nant1250,Nanti,South America,-12.1018,-72.3507,cox,Arawakan,True,True,
otta1242,Ottawa,North America,44.5988,-83.226,otw,Algic,True,False,description insufficient to produce a report for indexing 
nava1243,Navajo,North America,36.33,-109.38,nav,Athabaskan-Eyak-Tlingit,True,True,no pronouns are used for P
nort2942,North Slavey,North America,63.5,-125.67,scs,Athabaskan-Eyak-Tlingit,True,True,
mali1285,Malinaltepec Me'phaa,North America,17.2122,-98.6322,tcf,Otomanguean,True,True,
ship1254,Shipibo-Conibo,South America,-7.17105,-74.8219,shp,Pano-Tacanan,True,True,
galo1242,Galo,Eurasia,27.9805586,94.6884956,adl,Sino-Tibetan,True,True,
cane1242,Canela-Krahô,South America,-6.10712,-45.1299,ram,Nuclear-Macro-Je,True,True,
bulo1242,Bulo Stieng,Eurasia,11.9777,106.798,sti,Austroasiatic,True,True,
tupi1273,Tupinambá,South America,-22.807778,-42.106389,tpn,Tupian,True,True,
kamb1316,Kambaata,Africa,7.37582,37.9088,ktb,Afro-Asiatic,True,True,
male1292,Malecite-Passamaquoddy,North America,45.494475,-67.40805,pqm,Algic,True,True,"This language does not allow inanimate>inanimate scenarios. Our machinery has no way of noting that a particular scenario is impossible, so this context has simply not been encoded."
quer1236,Querétaro Otomi,North America,20.1396,-100.115,otq,Otomanguean,True,True,
emer1243,Teko,South America,3.23694,-52.3699,eme,Tupian,True,True,
coca1259,Cocama-Cocamilla,South America,-4.5,-74.0,cod,Tupian,True,True,
iris1253,Irish,Eurasia,53.2186,-7.61509,gle,Indo-European,True,True,
magd1235,Magdalena Peñasco Mixtec,North America,17.2837,-97.5413,xtm,Otomanguean,True,True,
para1311,Paraguayan Guaraní,South America,-25.60551,-57.08816,gug,Tupian,True,True,
bamb1269,Bambara,Africa,12.9,-7.65,bam,Mande,True,True,
mezo1235,Mezontla Popoloca,North America,18.1442,-97.5879,pbe,Otomanguean,True,True,
sier1250,Sierra de Juárez Zapotec,North America,17.4219,-96.6191,zaa,Otomanguean,True,True,
tuka1248,Tukang Besi North,Papunesia,-5.30994,123.578,khc,Austronesian,True,True,
laoo1244,Lao,Eurasia,19.0,102.46,lao,Tai-Kadai,True,True,
yoru1245,Yoruba,Africa,7.15345,3.67225,yor,Atlantic-Congo,True,True,
